Component,Phase,a,b,c,d,∆Hf298,∆Gf298,Pc,Tc,omega,Tmax,initial,C,H,O,N
CH4,g,1.702,0.009081,-0.000002164,0,-74520,-50460,45.99,190.6,0.012,1500,2,1,4,0,0
H2O,g,3.47,0.00145,0,12100,-241818,-228572,220.55,647.1,0.345,1500,1,0,2,1,0
CO,g,3.376,0.000557,0,-3100,-110525,-137169,34.99,132.9,0.048,1500,0,1,0,1,0
CO2,g,5.457,0.001045,0,-115700,-393509,-394359,73.83,304.2,0.224,1500,1,1,0,2,0
H2,g,3.249,0.000422,0,8300,0,0,13.13,33.19,-0.216,1500,0,0,2,0,0
C,s,1.771,0.000771,0,-86700,0,0,0,0,0,2000,0,1,0,0,0
CH4O,g,2.211,0.012216,-0.00000345,0,-200660,-161960,80.97,512.6,0.564,1500,0,1,4,1,0